tpr_fpr_001,tpr_fpr_002,tpr_fpr_005,tpr_fpr_010,tpr_fpr_020
0.13196875757820709,0.19058075337482822,0.34214618866704394,0.5516003152534152,0.768520491471991
0.33801608600759836,0.42727851426723795,0.5827070568264489,0.7526098536900816,0.903902190607065
0.3507708350173794,0.447318810120443,0.6485038396249293,0.798095465200873,0.9311410152776656
0.3444823377253253,0.4382385821679735,0.6358300460754992,0.7955769137498988,0.9269155686686605
0.3247950044458815,0.4311436019723547,0.6143454045752161,0.7820033950367795,0.9172964998787487
0.17664610783283488,0.3092437151402473,0.535058523967343,0.7499106377819093,0.9074983428987148
0.24271833319860966,0.3790032333683615,0.5541177350254628,0.757553148492442,0.9157685312424219
0.0540277665508043,0.12441718535284133,0.30106070649098704,0.4942458572467868,0.7212340958693719
0.05195929997574974,0.11623571255355265,0.3107671570608682,0.5504327055209765,0.7677111793711099
0.05654676258992806,0.12396798965322124,0.2732857085118422,0.49110047692183334,0.7169202570527847
0.36093581763802446,0.4422877697841727,0.6121003152534152,0.774452226982459,0.9134307654999596
